"region","Code_iso3","country_name","city","measure_year","measure_pm25_μg_m3","measure_PM10_μg_m3","measure_NO2_μg_m3","PM25_temporal_coverage","PM10_temporal_coverage","NO2_temporal_coverage","source","number","type","database_version","status","id"
"European Region","BGR","Bulgaria","Blagoevgrad",2017,NA,38.3,19.35,NA,NA,91.76940639,"European Environment Agency (downloaded in 2021)",1,"Urban",2022,NA,1
"European Region","BGR","Bulgaria","Blagoevgrad",2019,NA,29.96,17.81,NA,NA,94.32648402,"European Environment Agency (downloaded in 2021)",1,"Urban",2022,NA,2
"European Region","BGR","Bulgaria","Burgas",2017,NA,29.86,15.54,NA,NA,94.73744292,"European Environment Agency (downloaded in 2021)",2,"Urban",2022,NA,3
"European Region","BGR","Bulgaria","Burgas",2018,NA,30.28,12.94,NA,NA,93.77853881,"European Environment Agency (downloaded in 2021)",2,"Urban",2022,NA,4
"European Region","BGR","Bulgaria","Burgas",2019,NA,26.24,14.3,NA,NA,91.84360731,"European Environment Agency (downloaded in 2021)",2,"Urban",2022,NA,5
"European Region","BGR","Bulgaria","Dimitrovgrad",2017,NA,34.69,8.75,NA,NA,97.97945205,"European Environment Agency (downloaded in 2021)",1,"Urban",2022,NA,6
"European Region","BGR","Bulgaria","Dimitrovgrad",2018,NA,NA,15.02,NA,NA,99.32648402,"European Environment Agency (downloaded in 2021)",1,"Urban",2022,NA,7
"European Region","BGR","Bulgaria","Dimitrovgrad",2019,NA,28.75,16.97,NA,NA,99.22374429,"European Environment Agency (downloaded in 2021)",1,"Urban",2022,NA,8
"European Region","BGR","Bulgaria","Galabovo",2017,NA,25.29,5.88,NA,NA,95.43378995,"European Environment Agency (downloaded in 2021)",1,"Industrial",2022,NA,9
"European Region","BGR","Bulgaria","Galabovo",2018,NA,22.66,11.79,NA,NA,82.10045662,"European Environment Agency (downloaded in 2021)",1,"Industrial",2022,NA,10
"European Region","BGR","Bulgaria","Galabovo",2019,NA,20.83,6.34,NA,NA,91.82648402,"European Environment Agency (downloaded in 2021)",1,"Industrial",2022,NA,11
"European Region","BGR","Bulgaria","Pernik",2017,NA,33.4,16.86,NA,NA,95.74200913,"European Environment Agency (downloaded in 2021)",2,"Urban",2022,NA,12
"European Region","BGR","Bulgaria","Pernik",2018,30.75,34.82,14.56,NA,NA,89.87442922,"European Environment Agency (downloaded in 2021)",2,"Urban",2022,NA,13
"European Region","BGR","Bulgaria","Pernik",2019,NA,31.14,16.36,NA,NA,90.86757991,"European Environment Agency (downloaded in 2021)",2,"Urban",2022,NA,14
"European Region","BGR","Bulgaria","Pleven",2017,NA,43.53,25.01,NA,NA,94.97716895,"European Environment Agency (downloaded in 2021)",1,"Urban",2022,NA,15
"European Region","BGR","Bulgaria","Pleven",2018,NA,42.79,23.07,NA,NA,99.6803653,"European Environment Agency (downloaded in 2021)",1,"Urban",2022,NA,16
"European Region","BGR","Bulgaria","Pleven",2019,NA,36.33,16.58,NA,NA,97.9109589,"European Environment Agency (downloaded in 2021)",1,"Urban",2022,NA,17
"European Region","BGR","Bulgaria","Plovdiv",2017,27.32,48.47,35.21,NA,NA,93.99543379,"European Environment Agency (downloaded in 2021)",1,"Urban",2022,NA,18
"European Region","BGR","Bulgaria","Plovdiv",2018,19.17,42.57,28.6,NA,NA,93.62442923,"European Environment Agency (downloaded in 2021)",1,"Urban",2022,NA,19
"European Region","BGR","Bulgaria","Plovdiv",2019,19.04,37.96,33.51,NA,NA,94.70319635,"European Environment Agency (downloaded in 2021)",1,"Urban",2022,NA,20
"European Region","BGR","Bulgaria","Sofia",2017,26.58,36.24,27.43,NA,NA,97.42579909,"European Environment Agency (downloaded in 2021)",1,"Suburban",2022,NA,27
"European Region","BGR","Bulgaria","Sofia",2018,NA,33.29,24.43,NA,NA,94.67808219,"European Environment Agency (downloaded in 2021)",1,"Suburban",2022,NA,28
"European Region","BGR","Bulgaria","Sofia",2019,8.9,27.78,23.87,NA,NA,95.41476408,"European Environment Agency (downloaded in 2021)",1,"Suburban",2022,NA,29
"European Region","BGR","Bulgaria","Stara Zagora",2017,19.31,24.64,19.53,NA,NA,95.12557078,"European Environment Agency (downloaded in 2021)",2,"Urban",2022,NA,30
"European Region","BGR","Bulgaria","Stara Zagora",2018,21.28,22.24,15.91,NA,NA,94.87442922,"European Environment Agency (downloaded in 2021)",2,"Urban",2022,NA,31
"European Region","BGR","Bulgaria","Stara Zagora",2019,20.93,20.94,14.87,NA,NA,95.47945205,"European Environment Agency (downloaded in 2021)",2,"Urban",2022,NA,32
"European Region","BGR","Bulgaria","Varna",2017,11.92,25.73,15.39,NA,NA,98.55022831,"European Environment Agency (downloaded in 2021)",2,"Urban",2022,NA,33
"European Region","BGR","Bulgaria","Varna",2018,15.94,26.95,24.28,NA,NA,91.10730594,"European Environment Agency (downloaded in 2021)",2,"Urban",2022,NA,34
"European Region","BGR","Bulgaria","Varna",2019,18.55,27.44,27.57,NA,NA,89.55479452,"European Environment Agency (downloaded in 2021)",2,"Urban",2022,NA,35
"European Region","CHE","Switzerland","Aarau",2018,11.5,14.8,23.8,NA,NA,NA,"BAFU",1,"Traffic",2022,NA,36
"European Region","CHE","Switzerland","Aarau",2019,9.8,13.2,22.2,NA,NA,NA,"BAFU",1,"Traffic",2022,NA,37
"European Region","CHE","Switzerland","Aigle",2017,NA,14.9,25,NA,NA,NA,"BAFU",1,"Industrial",2022,NA,38
"European Region","CHE","Switzerland","Aigle",2018,NA,14.8,20.9,NA,NA,NA,"BAFU",1,"Industrial",2022,NA,39
"European Region","CHE","Switzerland","Aigle",2019,8.3,13,20.1,NA,NA,NA,"BAFU",1,"Industrial",2022,NA,40
"European Region","CHE","Switzerland","Airolo",2017,NA,9,19,NA,NA,NA,"BAFU",1,"Traffic",2022,NA,41
"European Region","CHE","Switzerland","Airolo",2018,6,9,19,NA,NA,NA,"BAFU",1,"Traffic",2022,NA,42
"European Region","CHE","Switzerland","Airolo",2019,5.6,8.9,17.6,NA,NA,NA,"BAFU",1,"Traffic",2022,NA,43
"European Region","CHE","Switzerland","Altdorf",2017,NA,12.8,20.5,NA,NA,NA,"BAFU",1,"Traffic",2022,NA,44
"European Region","CHE","Switzerland","Altdorf",2018,NA,13.6,19.5,NA,NA,NA,"BAFU",1,"Traffic",2022,NA,45
"European Region","CHE","Switzerland","Altdorf",2019,NA,11.9,18,NA,NA,NA,"BAFU",1,"Traffic",2022,NA,46
"European Region","CHE","Switzerland","Avully",2017,NA,13.91,12.62,NA,NA,98.71004566,"BAFU, European Environment Agency (downloaded in 2021)",1,"Background",2022,NA,47
"European Region","CHE","Switzerland","Avully",2018,NA,14.58,11,NA,NA,99.15525114,"BAFU, European Environment Agency (downloaded in 2021)",1,"Background",2022,NA,48
"European Region","CHE","Switzerland","Avully",2019,NA,13.8,10.81,NA,NA,99.7716895,"BAFU, European Environment Agency (downloaded in 2021)",1,"Background",2022,NA,49
"European Region","CHE","Switzerland","Baden",2017,10.9,13.4,22.2,NA,NA,NA,"BAFU",1,"Background",2022,NA,50
"European Region","CHE","Switzerland","Baden",2018,12.2,15.3,19.9,NA,NA,NA,"BAFU",1,"Background",2022,NA,51
"European Region","CHE","Switzerland","Baden",2019,11.4,15.1,20.3,NA,NA,NA,"BAFU",1,"Background",2022,NA,52
"European Region","CHE","Switzerland","Basel",2017,11.47,16.69,32.28,NA,NA,98.73858448,"BAFU, European Environment Agency (downloaded in 2021)",2,"Background",2022,NA,53
"European Region","CHE","Switzerland","Basel",2018,13.4,17.9,32.25,NA,NA,99.28652968,"BAFU, European Environment Agency (downloaded in 2021)",2,"Background",2022,NA,54
"European Region","CHE","Switzerland","Basel",2019,11.3,15.38,30.67,NA,NA,98.49315069,"BAFU, European Environment Agency (downloaded in 2021)",2,"Background",2022,NA,55
"European Region","CHE","Switzerland","Bern",2017,12.65,18.1,29.1,NA,NA,99.62899544,"BAFU, European Environment Agency (downloaded in 2021)",1,"Background",2022,NA,56
"European Region","CHE","Switzerland","Bern",2018,13.35,18.62,27.27,NA,NA,99.7716895,"BAFU, European Environment Agency (downloaded in 2021)",1,"Background",2022,NA,57
"European Region","CHE","Switzerland","Bern",2019,10.86,16.01,25.69,NA,NA,99.64611872,"BAFU, European Environment Agency (downloaded in 2021)",1,"Background",2022,NA,58
"European Region","CHE","Switzerland","Beromünster",2017,NA,9.8,8,NA,NA,NA,"BAFU",1,"Background",2022,NA,59
"European Region","CHE","Switzerland","Beromünster",2018,NA,11.4,9.6,NA,NA,NA,"BAFU",1,"Background",2022,NA,60
"European Region","CHE","Switzerland","Beromünster",2019,NA,9.7,7.9,NA,NA,NA,"BAFU",1,"Background",2022,NA,61
"European Region","CHE","Switzerland","Biel/Bienne",2017,NA,14,21,NA,NA,NA,"BAFU",1,"Background",2022,NA,62
"European Region","CHE","Switzerland","Biel/Bienne",2018,NA,14,19,NA,NA,NA,"BAFU",1,"Background",2022,NA,63
"European Region","CHE","Switzerland","Biel/Bienne",2019,NA,13,17,NA,NA,NA,"BAFU",1,"Background",2022,NA,64
"European Region","CHE","Switzerland","Bioggio",2017,15,22,33,NA,NA,NA,"BAFU",1,"Industrial",2022,NA,65
"European Region","CHE","Switzerland","Bioggio",2018,13,19,28,NA,NA,NA,"BAFU",1,"Industrial",2022,NA,66
"European Region","CHE","Switzerland","Bioggio",2019,11.4,17.8,27,NA,NA,NA,"BAFU",1,"Industrial",2022,NA,67
"European Region","CHE","Switzerland","Bodio",2017,NA,21,29,NA,NA,NA,"BAFU",1,"Industrial",2022,NA,68
"European Region","CHE","Switzerland","Bodio",2018,11,19,26,NA,NA,NA,"BAFU",1,"Industrial",2022,NA,69
"European Region","CHE","Switzerland","Bodio",2019,9.9,17.8,23.7,NA,NA,NA,"BAFU",1,"Industrial",2022,NA,70
"European Region","CHE","Switzerland","Brigerbad",2017,NA,16.1,21,NA,NA,NA,"BAFU",1,"Industrial",2022,NA,71
"European Region","CHE","Switzerland","Brigerbad",2018,NA,12.4,17.4,NA,NA,NA,"BAFU",1,"Industrial",2022,NA,72
"European Region","CHE","Switzerland","Brigerbad",2019,7.2,12,17.4,NA,NA,NA,"BAFU",1,"Industrial",2022,NA,73
"European Region","CHE","Switzerland","Brione",2017,NA,14,10,NA,NA,NA,"BAFU",1,"Background",2022,NA,74
"European Region","CHE","Switzerland","Brione",2018,10,14,9,NA,NA,NA,"BAFU",1,"Background",2022,NA,75
"European Region","CHE","Switzerland","Brione",2019,8.4,12,7.3,NA,NA,NA,"BAFU",1,"Background",2022,NA,76
"European Region","CHE","Switzerland","Bulle",2017,NA,13.1,27.5,NA,NA,NA,"BAFU",1,"Traffic",2022,NA,77
"European Region","CHE","Switzerland","Bulle",2018,10.4,13,25.5,NA,NA,NA,"BAFU",1,"Traffic",2022,NA,78
"European Region","CHE","Switzerland","Bulle",2019,8.6,12.6,23,NA,NA,NA,"BAFU",1,"Traffic",2022,NA,79
"European Region","CHE","Switzerland","Bussigny",2017,NA,15.5,34.5,NA,NA,NA,"BAFU",1,"Traffic",2022,NA,80
"European Region","CHE","Switzerland","Bussigny",2018,NA,NA,29.7,NA,NA,NA,"BAFU",1,"Traffic",2022,NA,81
"European Region","CHE","Switzerland","Bussigny",2019,NA,14.3,30,NA,NA,NA,"BAFU",1,"Traffic",2022,NA,82
"European Region","CHE","Switzerland","Camignolo",2017,NA,20,54,NA,NA,NA,"BAFU",1,"Traffic",2022,NA,83
"European Region","CHE","Switzerland","Camignolo",2018,NA,18,47,NA,NA,NA,"BAFU",1,"Traffic",2022,NA,84
"European Region","CHE","Switzerland","Camignolo",2019,NA,15.1,43.2,NA,NA,NA,"BAFU",1,"Traffic",2022,NA,85
"European Region","CHE","Switzerland","Chaumont",2017,NA,6.4,5.1,NA,NA,NA,"BAFU",1,"Background",2022,NA,86
"European Region","CHE","Switzerland","Chaumont",2018,NA,7.5,5.8,NA,NA,NA,"BAFU",1,"Background",2022,NA,87
"European Region","CHE","Switzerland","Chaumont",2019,NA,6.5,5,NA,NA,NA,"BAFU",1,"Background",2022,NA,88
"European Region","CHE","Switzerland","Chiasso",2017,20,26,38,NA,NA,NA,"BAFU",1,"Traffic",2022,NA,89
"European Region","CHE","Switzerland","Chiasso",2018,16,21,32,NA,NA,NA,"BAFU",1,"Traffic",2022,NA,90
"European Region","CHE","Switzerland","Chiasso",2019,13.7,18.6,30.9,NA,NA,NA,"BAFU",1,"Traffic",2022,NA,91
"European Region","CHE","Switzerland","Chur",2017,NA,12.85,22.6,NA,NA,NA,"BAFU",1,"Background",2022,NA,92
"European Region","CHE","Switzerland","Chur",2018,10,14.25,21.2,NA,NA,NA,"BAFU",1,"Background",2022,NA,93
"European Region","CHE","Switzerland","Chur",2019,9,12.75,18.6,NA,NA,NA,"BAFU",1,"Background",2022,NA,94
"European Region","CHE","Switzerland","Davos",2017,NA,6.8,11.55,NA,NA,NA,"BAFU",1,"Background",2022,NA,95
"European Region","CHE","Switzerland","Davos",2018,NA,12.5,12.9,NA,NA,NA,"BAFU",1,"Background",2022,NA,96
"European Region","CHE","Switzerland","Davos",2019,7.3,8.45,12.05,NA,NA,NA,"BAFU",1,"Background",2022,NA,97
"European Region","CHE","Switzerland","Delémont",2017,NA,16,13.8,NA,NA,NA,"BAFU",1,"Background",2022,NA,98
"European Region","CHE","Switzerland","Delémont",2018,NA,16,13.8,NA,NA,NA,"BAFU",1,"Background",2022,NA,99
"European Region","CHE","Switzerland","Delémont",2019,NA,14.6,13.6,NA,NA,NA,"BAFU",1,"Background",2022,NA,100
"European Region","CHE","Switzerland","Dornach",2017,NA,14,15,NA,NA,NA,"BAFU",1,"Background",2022,NA,101
"European Region","CHE","Switzerland","Dornach",2018,NA,14,14,NA,NA,NA,"BAFU",1,"Background",2022,NA,102
"European Region","CHE","Switzerland","Dornach",2019,10,12,13,NA,NA,NA,"BAFU",1,"Background",2022,NA,103
"European Region","CHE","Switzerland","Dübendorf",2017,9.5,13.8,24.7,NA,NA,NA,"BAFU",1,"Background",2022,NA,104
"European Region","CHE","Switzerland","Dübendorf",2018,10.7,14.8,23.3,NA,NA,NA,"BAFU",1,"Background",2022,NA,105
"European Region","CHE","Switzerland","Dübendorf",2019,9,12.7,21.6,NA,NA,NA,"BAFU",1,"Background",2022,NA,106
"European Region","CHE","Switzerland","Ebikon",2017,NA,14,19.8,NA,NA,99.57762557,"BAFU, European Environment Agency (downloaded in 2021)",1,"Background",2022,NA,107
"European Region","CHE","Switzerland","Ebikon",2018,NA,15.38,18.31,NA,NA,99.89726027,"BAFU, European Environment Agency (downloaded in 2021)",1,"Background",2022,NA,108
"European Region","CHE","Switzerland","Ebikon",2019,NA,13.82,17.5,NA,NA,99.02968037,"BAFU, European Environment Agency (downloaded in 2021)",1,"Background",2022,NA,109
"European Region","CHE","Switzerland","Egerkingen",2017,NA,16,27,NA,NA,NA,"BAFU",1,"Traffic",2022,NA,110
"European Region","CHE","Switzerland","Egerkingen",2018,NA,17,27,NA,NA,NA,"BAFU",1,"Traffic",2022,NA,111
"European Region","CHE","Switzerland","Egerkingen",2019,12,15,26,NA,NA,NA,"BAFU",1,"Traffic",2022,NA,112
"European Region","CHE","Switzerland","Eggerberg",2017,NA,10.8,9.3,NA,NA,NA,"BAFU",1,"Background",2022,NA,113
"European Region","CHE","Switzerland","Eggerberg",2018,NA,9.9,8.3,NA,NA,NA,"BAFU",1,"Background",2022,NA,114
"European Region","CHE","Switzerland","Eggerberg",2019,NA,8.9,8.1,NA,NA,NA,"BAFU",1,"Background",2022,NA,115
"European Region","CHE","Switzerland","Erstfeld",2017,NA,12.3,28.6,NA,NA,NA,"BAFU",1,"Traffic",2022,NA,116
"European Region","CHE","Switzerland","Erstfeld",2018,NA,12.9,24.9,NA,NA,NA,"BAFU",1,"Traffic",2022,NA,117
"European Region","CHE","Switzerland","Erstfeld",2019,NA,10.4,24.5,NA,NA,NA,"BAFU",1,"Traffic",2022,NA,118
"European Region","CHE","Switzerland","Fribourg",2017,NA,14.35,25.35,NA,NA,NA,"BAFU",1,"Background",2022,NA,119
"European Region","CHE","Switzerland","Fribourg",2018,11.5,15.1,23.95,NA,NA,NA,"BAFU",1,"Background",2022,NA,120
"European Region","CHE","Switzerland","Fribourg",2019,8.8,13.2,13.3,NA,NA,NA,"BAFU",1,"Background",2022,NA,121
"European Region","CHE","Switzerland","Genève",2017,NA,17.6,38.4,NA,NA,NA,"BAFU",1,"Background",2022,NA,122
"European Region","CHE","Switzerland","Genève",2018,NA,17.7,34.9,NA,NA,NA,"BAFU",1,"Background",2022,NA,123
"European Region","CHE","Switzerland","Genève",2019,11.6,17,35.4,NA,NA,NA,"BAFU",1,"Background",2022,NA,124
"European Region","CHE","Switzerland","Giubiasco",2017,11,19,25,NA,NA,NA,"BAFU",1,"Industrial",2022,NA,125
"European Region","CHE","Switzerland","Giubiasco",2018,10,17,21,NA,NA,NA,"BAFU",1,"Industrial",2022,NA,126
"European Region","CHE","Switzerland","Giubiasco",2019,8.4,14.7,19.9,NA,NA,NA,"BAFU",1,"Industrial",2022,NA,127
"European Region","CHE","Switzerland","Glarus",2018,NA,13.5,14.1,NA,NA,NA,"BAFU",1,"Background",2022,NA,128
"European Region","CHE","Switzerland","Grabs",2018,10.8,14.3,12.8,NA,NA,NA,"BAFU",1,"Background",2022,NA,129
"European Region","CHE","Switzerland","Grabs",2019,8.6,11.8,12.2,NA,NA,NA,"BAFU",1,"Background",2022,NA,130
"European Region","CHE","Switzerland","Härkingen",2017,10.6,15.6,38.4,NA,NA,NA,"BAFU",1,"Traffic",2022,NA,131
"European Region","CHE","Switzerland","Härkingen",2018,11.2,15.9,33.7,NA,NA,NA,"BAFU",1,"Traffic",2022,NA,132
"European Region","CHE","Switzerland","Härkingen",2019,9.7,14.3,31.8,NA,NA,NA,"BAFU",1,"Traffic",2022,NA,133
"European Region","CHE","Switzerland","Horgen",2017,NA,12.6,15.9,NA,NA,NA,"BAFU",1,"Background",2022,NA,134
"European Region","CHE","Switzerland","Horgen",2018,NA,13.4,18,NA,NA,NA,"BAFU",1,"Background",2022,NA,135
"European Region","CHE","Switzerland","Ittigen",2017,NA,13.72,19.76,NA,NA,99.49771689,"BAFU, European Environment Agency (downloaded in 2021)",1,"Background",2022,NA,136
"European Region","CHE","Switzerland","Ittigen",2018,NA,NA,16.94,NA,NA,99.16666667,"BAFU, European Environment Agency (downloaded in 2021)",1,"Background",2022,NA,137
"European Region","CHE","Switzerland","Ittigen",2019,NA,NA,17.76,NA,NA,95.85616438,"BAFU, European Environment Agency (downloaded in 2021)",1,"Background",2022,NA,138
"European Region","CHE","Switzerland","Jungfraujoch",2017,NA,2.7,0.2,NA,NA,NA,"BAFU",1,"Background",2022,NA,139
"European Region","CHE","Switzerland","Jungfraujoch",2018,NA,2.6,0.2,NA,NA,NA,"BAFU",1,"Background",2022,NA,140
"European Region","CHE","Switzerland","Jungfraujoch",2019,NA,2.5,0.2,NA,NA,NA,"BAFU",1,"Background",2022,NA,141
"European Region","CHE","Switzerland","La Chaux",2017,NA,11.7,25.1,NA,NA,NA,"BAFU",1,"Traffic",2022,NA,142
"European Region","CHE","Switzerland","La Chaux",2018,NA,12.5,27.5,NA,NA,NA,"BAFU",1,"Traffic",2022,NA,143
"European Region","CHE","Switzerland","La Chaux",2019,7.8,10.6,22.6,NA,NA,NA,"BAFU",1,"Traffic",2022,NA,144
"European Region","CHE","Switzerland","Lägeren",2017,NA,NA,9.3,NA,NA,NA,"BAFU",1,"Background",2022,NA,145
"European Region","CHE","Switzerland","Langenthal",2017,NA,NA,14,NA,NA,NA,"BAFU",1,"Background",2022,NA,146
"European Region","CHE","Switzerland","Langenthal",2018,NA,NA,13,NA,NA,NA,"BAFU",1,"Background",2022,NA,147
"European Region","CHE","Switzerland","Langenthal",2019,NA,NA,13,NA,NA,NA,"BAFU",1,"Background",2022,NA,148
"European Region","CHE","Switzerland","Lausanne",2017,NA,16.42,40.61,NA,NA,99.66894977,"BAFU, European Environment Agency (downloaded in 2021)",1,"Traffic",2022,NA,149
"European Region","CHE","Switzerland","Lausanne",2018,NA,13.52,25.25,NA,NA,98.77853882,"BAFU, European Environment Agency (downloaded in 2021)",1,"Background",2022,NA,150
"European Region","CHE","Switzerland","Lausanne",2019,8.75,13.06,24.6,NA,NA,99.35502283,"BAFU, European Environment Agency (downloaded in 2021)",1,"Background",2022,NA,151
"European Region","CHE","Switzerland","Le Landeron",2017,NA,NA,9.4,NA,NA,NA,"BAFU",1,"Background",2022,NA,152
"European Region","CHE","Switzerland","Le Landeron",2018,NA,NA,9.1,NA,NA,NA,"BAFU",1,"Background",2022,NA,153
"European Region","CHE","Switzerland","Le Landeron",2019,NA,NA,8.5,NA,NA,NA,"BAFU",1,"Background",2022,NA,154
"European Region","CHE","Switzerland","Le Locle",2017,NA,10,19.9,NA,NA,NA,"BAFU",1,"Traffic",2022,NA,155
"European Region","CHE","Switzerland","Le Locle",2018,NA,11.2,19.6,NA,NA,NA,"BAFU",1,"Traffic",2022,NA,156
"European Region","CHE","Switzerland","Le Locle",2019,NA,10.7,19.8,NA,NA,NA,"BAFU",1,"Traffic",2022,NA,157
"European Region","CHE","Switzerland","Les Giettes",2017,NA,6.5,3.4,NA,NA,NA,"BAFU",1,"Background",2022,NA,158
"European Region","CHE","Switzerland","Les Giettes",2018,NA,7.8,3.5,NA,NA,NA,"BAFU",1,"Background",2022,NA,159
"European Region","CHE","Switzerland","Les Giettes",2019,NA,6.4,3.2,NA,NA,NA,"BAFU",1,"Background",2022,NA,160
"European Region","CHE","Switzerland","Locarno",2017,NA,18,27,NA,NA,NA,"BAFU",1,"Traffic",2022,NA,161
"European Region","CHE","Switzerland","Locarno",2018,13,17,23,NA,NA,NA,"BAFU",1,"Traffic",2022,NA,162
"European Region","CHE","Switzerland","Locarno",2019,9.9,14,22.1,NA,NA,NA,"BAFU",1,"Traffic",2022,NA,163
"European Region","CHE","Switzerland","Lugano",2017,14.1,19.95,26.77,NA,NA,99.42922374,"BAFU, European Environment Agency (downloaded in 2021)",2,"Background",2022,NA,164
"European Region","CHE","Switzerland","Lugano",2018,12.98,17.96,23.52,NA,NA,99.32077626,"BAFU, European Environment Agency (downloaded in 2021)",2,"Background",2022,NA,165
"European Region","CHE","Switzerland","Lugano",2019,9.81,15.39,22.26,NA,NA,99.18949772,"BAFU, European Environment Agency (downloaded in 2021)",2,"Background",2022,NA,166
"European Region","CHE","Switzerland","Luzern",2017,NA,18.68,41.21,NA,NA,99.98858447,"BAFU, European Environment Agency (downloaded in 2021)",1,"Traffic",2022,NA,167
"European Region","CHE","Switzerland","Luzern",2018,NA,19.11,37.42,NA,NA,99.98858447,"BAFU, European Environment Agency (downloaded in 2021)",1,"Traffic",2022,NA,168
"European Region","CHE","Switzerland","Luzern",2019,11.9,15.32,35.29,NA,NA,99.98858447,"BAFU, European Environment Agency (downloaded in 2021)",1,"Traffic",2022,NA,169
"European Region","CHE","Switzerland","Magadino",2017,14.8,18.5,19.9,NA,NA,NA,"BAFU",1,"Background",2022,NA,170
"European Region","CHE","Switzerland","Magadino",2018,11,16,16,NA,NA,NA,"BAFU",1,"Background",2022,NA,171
"European Region","CHE","Switzerland","Magadino",2019,9.9,14.5,15.2,NA,NA,NA,"BAFU",1,"Background",2022,NA,172
"European Region","CHE","Switzerland","Massongex",2017,NA,14.9,16.4,NA,NA,NA,"BAFU",1,"Industrial",2022,NA,173
"European Region","CHE","Switzerland","Massongex",2018,NA,13.9,15.1,NA,NA,NA,"BAFU",1,"Industrial",2022,NA,174
"European Region","CHE","Switzerland","Massongex",2019,8.6,13.4,13.6,NA,NA,NA,"BAFU",1,"Industrial",2022,NA,175
"European Region","CHE","Switzerland","Mendrisio",2017,20,29,37,NA,NA,NA,"BAFU",1,"Traffic",2022,NA,176
"European Region","CHE","Switzerland","Mendrisio",2018,17,24,33,NA,NA,NA,"BAFU",1,"Traffic",2022,NA,177
"European Region","CHE","Switzerland","Mendrisio",2019,13.9,19.7,31.6,NA,NA,NA,"BAFU",1,"Traffic",2022,NA,178
"European Region","CHE","Switzerland","Mesocco",2017,NA,12.2,18,NA,NA,NA,"BAFU",1,"Traffic",2022,NA,179
"European Region","CHE","Switzerland","Mesocco",2018,NA,12.9,18.2,NA,NA,NA,"BAFU",1,"Traffic",2022,NA,180
"European Region","CHE","Switzerland","Mesocco",2019,NA,10.6,15.4,NA,NA,NA,"BAFU",1,"Traffic",2022,NA,181
"European Region","CHE","Switzerland","Meyrin",2017,NA,15.73,18.37,NA,NA,99.89726027,"BAFU, European Environment Agency (downloaded in 2021)",1,"Background",2022,NA,182
"European Region","CHE","Switzerland","Meyrin",2018,NA,15.69,16.37,NA,NA,99.32648402,"BAFU, European Environment Agency (downloaded in 2021)",1,"Background",2022,NA,183
"European Region","CHE","Switzerland","Meyrin",2019,NA,14.64,15.36,NA,NA,99.88584475,"BAFU, European Environment Agency (downloaded in 2021)",1,"Background",2022,NA,184
"European Region","CHE","Switzerland","Moleno",2017,NA,20,40,NA,NA,NA,"BAFU",1,"Traffic",2022,NA,185
"European Region","CHE","Switzerland","Moleno",2018,NA,18,33,NA,NA,NA,"BAFU",1,"Traffic",2022,NA,186
"European Region","CHE","Switzerland","Moleno",2019,NA,15,30.9,NA,NA,NA,"BAFU",1,"Traffic",2022,NA,187
"European Region","CHE","Switzerland","Montana",2017,NA,8.4,11.2,NA,NA,NA,"BAFU",1,"Background",2022,NA,188
"European Region","CHE","Switzerland","Montana",2018,NA,9.1,10.2,NA,NA,NA,"BAFU",1,"Background",2022,NA,189
"European Region","CHE","Switzerland","Montana",2019,4.5,8.6,10.2,NA,NA,NA,"BAFU",1,"Background",2022,NA,190
"European Region","CHE","Switzerland","Montreux",2017,NA,NA,20.3,NA,NA,NA,"BAFU",1,"Background",2022,NA,191
"European Region","CHE","Switzerland","Montreux",2018,NA,12,18,NA,NA,NA,"BAFU",1,"Background",2022,NA,192
"European Region","CHE","Switzerland","Montreux",2019,NA,NA,16.9,NA,NA,NA,"BAFU",1,"Background",2022,NA,193
"European Region","CHE","Switzerland","Morges",2017,NA,13.9,25.5,NA,NA,NA,"BAFU",1,"Background",2022,NA,194
"European Region","CHE","Switzerland","Morges",2018,NA,15.2,22.5,NA,NA,NA,"BAFU",1,"Background",2022,NA,195
"European Region","CHE","Switzerland","Morges",2019,9.3,13.8,21.4,NA,NA,NA,"BAFU",1,"Background",2022,NA,196
"European Region","CHE","Switzerland","Muttenz",2017,NA,17.5,47.8,NA,NA,NA,"BAFU",1,"Traffic",2022,NA,197
"European Region","CHE","Switzerland","Muttenz",2018,NA,18.7,45.5,NA,NA,NA,"BAFU",1,"Traffic",2022,NA,198
"European Region","CHE","Switzerland","Muttenz",2019,NA,17,41,NA,NA,NA,"BAFU",1,"Traffic",2022,NA,199
"European Region","CHE","Switzerland","Neuchâtel",2017,NA,14.6,27.5,NA,NA,NA,"BAFU",1,"Traffic",2022,NA,200
"European Region","CHE","Switzerland","Neuchâtel",2018,NA,15.2,25.7,NA,NA,NA,"BAFU",1,"Traffic",2022,NA,201
"European Region","CHE","Switzerland","Neuchâtel",2019,9.5,12.9,23.9,NA,NA,NA,"BAFU",1,"Traffic",2022,NA,202
"European Region","CHE","Switzerland","Neuhausen",2017,NA,15.6,31,NA,NA,NA,"BAFU",1,"Traffic",2022,NA,203
"European Region","CHE","Switzerland","Neuhausen",2019,NA,15,28.1,NA,NA,NA,"BAFU",1,"Traffic",2022,NA,204
"European Region","CHE","Switzerland","Nyon",2017,NA,17,17.4,NA,NA,NA,"BAFU",1,"Background",2022,NA,205
"European Region","CHE","Switzerland","Nyon",2018,NA,16.4,15.9,NA,NA,NA,"BAFU",1,"Background",2022,NA,206
"European Region","CHE","Switzerland","Nyon",2019,8.2,12,15.8,NA,NA,NA,"BAFU",1,"Background",2022,NA,207
"European Region","CHE","Switzerland","Opfikon",2017,NA,16.98,38.05,NA,NA,98.69863014,"BAFU, European Environment Agency (downloaded in 2021)",1,"Traffic",2022,NA,208
"European Region","CHE","Switzerland","Opfikon",2018,10.7,16.39,33.52,NA,NA,98.68721461,"BAFU, European Environment Agency (downloaded in 2021)",1,"Traffic",2022,NA,209
"European Region","CHE","Switzerland","Opfikon",2019,9.7,14.74,31.4,NA,NA,98.97260274,"BAFU, European Environment Agency (downloaded in 2021)",1,"Background",2022,NA,210
"European Region","CHE","Switzerland","Payerne",2017,8.43,11.8,12.72,NA,NA,99.48630137,"BAFU, European Environment Agency (downloaded in 2021)",1,"Background",2022,NA,211
"European Region","CHE","Switzerland","Payerne",2018,9.44,13.11,12.2,NA,NA,98.59589041,"BAFU, European Environment Agency (downloaded in 2021)",1,"Background",2022,NA,212
"European Region","CHE","Switzerland","Payerne",2019,7.78,11.38,11.58,NA,NA,99.36073059,"BAFU, European Environment Agency (downloaded in 2021)",1,"Background",2022,NA,213
"European Region","CHE","Switzerland","Porrentruy",2017,NA,13.9,13,NA,NA,NA,"BAFU",1,"Background",2022,NA,214
"European Region","CHE","Switzerland","Porrentruy",2018,NA,14.9,12.8,NA,NA,NA,"BAFU",1,"Background",2022,NA,215
"European Region","CHE","Switzerland","Rapperswil",2017,NA,13.8,22.2,NA,NA,NA,"BAFU",1,"Traffic",2022,NA,216
"European Region","CHE","Switzerland","Rapperswil",2019,NA,12.5,20.9,NA,NA,NA,"BAFU",1,"Traffic",2022,NA,217
"European Region","CHE","Switzerland","Reiden",2017,NA,15.5,29.7,NA,NA,NA,"BAFU",1,"Traffic",2022,NA,218
"European Region","CHE","Switzerland","Reiden",2018,NA,16,26.1,NA,NA,NA,"BAFU",1,"Traffic",2022,NA,219
"European Region","CHE","Switzerland","Reiden",2019,NA,14.7,25.4,NA,NA,NA,"BAFU",1,"Traffic",2022,NA,220
"European Region","CHE","Switzerland","Rigi",2017,4.7,6.6,5.3,NA,NA,NA,"BAFU",1,"Background",2022,NA,221
"European Region","CHE","Switzerland","Rigi",2018,6.1,8.5,6.1,NA,NA,NA,"BAFU",1,"Background",2022,NA,222
"European Region","CHE","Switzerland","Rigi",2019,4.9,6.9,4.8,NA,NA,NA,"BAFU",1,"Background",2022,NA,223
"European Region","CHE","Switzerland","Rothenbrunnen",2017,NA,10.9,24.5,NA,NA,NA,"BAFU",1,"Traffic",2022,NA,224
"European Region","CHE","Switzerland","Rothenbrunnen",2018,NA,12.8,22.6,NA,NA,NA,"BAFU",1,"Traffic",2022,NA,225
"European Region","CHE","Switzerland","Rothenbrunnen",2019,NA,10.7,21.6,NA,NA,NA,"BAFU",1,"Traffic",2022,NA,226
"European Region","CHE","Switzerland","San Vittore",2017,NA,22.1,17,NA,NA,NA,"BAFU",1,"Traffic",2022,NA,227
"European Region","CHE","Switzerland","San Vittore",2018,NA,20,14.6,NA,NA,NA,"BAFU",1,"Traffic",2022,NA,228
"European Region","CHE","Switzerland","San Vittore",2019,13.8,18.4,13.5,NA,NA,NA,"BAFU",1,"Traffic",2022,NA,229
"European Region","CHE","Switzerland","Saxon",2017,NA,15.28,18.21,NA,NA,99.61187215,"BAFU, European Environment Agency (downloaded in 2021)",1,"Background",2022,NA,230
"European Region","CHE","Switzerland","Saxon",2018,NA,13.19,15.7,NA,NA,99.65753425,"BAFU, European Environment Agency (downloaded in 2021)",1,"Background",2022,NA,231
"European Region","CHE","Switzerland","Saxon",2019,8,11.99,14.51,NA,NA,99.79452055,"BAFU, European Environment Agency (downloaded in 2021)",1,"Background",2022,NA,232
"European Region","CHE","Switzerland","Schlieren",2018,10.5,15.4,22.2,NA,NA,NA,"BAFU",1,"Industrial",2022,NA,233
"European Region","CHE","Switzerland","Schupfart",2018,11.5,15.6,10.3,NA,NA,NA,"BAFU",1,"Background",2022,NA,234
"European Region","CHE","Switzerland","Schupfart",2019,9.5,13.9,8.8,NA,NA,NA,"BAFU",1,"Background",2022,NA,235
"European Region","CHE","Switzerland","Schwyz",2017,NA,15.5,17.5,NA,NA,NA,"BAFU",1,"Background",2022,NA,236
"European Region","CHE","Switzerland","Schwyz",2018,NA,15,16.6,NA,NA,NA,"BAFU",1,"Background",2022,NA,237
"European Region","CHE","Switzerland","Schwyz",2019,8.5,13.9,16.5,NA,NA,NA,"BAFU",1,"Background",2022,NA,238
"European Region","CHE","Switzerland","Sion",2017,NA,15.45,28.55,NA,NA,NA,"BAFU",2,"Traffic",2022,NA,239
"European Region","CHE","Switzerland","Sion",2018,NA,14.75,26.45,NA,NA,NA,"BAFU",2,"Traffic",2022,NA,240
"European Region","CHE","Switzerland","Sion",2019,7.9,14.05,25.1,NA,NA,NA,"BAFU",2,"Traffic",2022,NA,241
"European Region","CHE","Switzerland","Sissach",2017,NA,16.3,26.9,NA,NA,NA,"BAFU",1,"Traffic",2022,NA,242
"European Region","CHE","Switzerland","Sissach",2018,NA,14.5,14.8,NA,NA,NA,"BAFU",1,"Background",2022,NA,243
"European Region","CHE","Switzerland","Sissach",2019,9,14,15,NA,NA,NA,"BAFU",1,"Background",2022,NA,244
"European Region","CHE","Switzerland","Sisseln",2017,10.9,15.5,19.3,NA,NA,NA,"BAFU",1,"Background",2022,NA,245
"European Region","CHE","Switzerland","Solothurn",2017,10,15,21.5,NA,NA,NA,"BAFU",1,"Background",2022,NA,246
"European Region","CHE","Switzerland","Solothurn",2018,11,15,19.5,NA,NA,NA,"BAFU",1,"Background",2022,NA,247
"European Region","CHE","Switzerland","Solothurn",2019,9,13,19,NA,NA,NA,"BAFU",1,"Background",2022,NA,248
"European Region","CHE","Switzerland","St Gallen",2017,10.2,11.7,20.8,NA,NA,NA,"BAFU",1,"Background",2022,NA,249
"European Region","CHE","Switzerland","St Gallen",2018,10.4,12.55,20.05,NA,NA,NA,"BAFU",1,"Background",2022,NA,250
"European Region","CHE","Switzerland","St Gallen",2019,8.6,10.65,19.8,NA,NA,NA,"BAFU",1,"Background",2022,NA,251
"European Region","CHE","Switzerland","Suhr",2017,10.6,14.7,27,NA,NA,NA,"BAFU",1,"Traffic",2022,NA,252
"European Region","CHE","Switzerland","Tänikon",2017,NA,11.3,11.3,NA,NA,NA,"BAFU",1,"Background",2022,NA,253
"European Region","CHE","Switzerland","Tänikon",2018,NA,13,12,NA,NA,NA,"BAFU",1,"Background",2022,NA,254
"European Region","CHE","Switzerland","Tänikon",2019,7.8,10.9,11.1,NA,NA,NA,"BAFU",1,"Background",2022,NA,255
"European Region","CHE","Switzerland","Thônex",2017,NA,16.2,22.3,NA,NA,NA,"BAFU",1,"Background",2022,NA,256
"European Region","CHE","Switzerland","Thônex",2018,NA,16.2,18.8,NA,NA,NA,"BAFU",1,"Background",2022,NA,257
"European Region","CHE","Switzerland","Thônex",2019,NA,15.5,17.4,NA,NA,NA,"BAFU",1,"Background",2022,NA,258
"European Region","CHE","Switzerland","Thun",2017,NA,13,21.5,NA,NA,NA,"BAFU",2,"Background",2022,NA,259
"European Region","CHE","Switzerland","Thun",2018,NA,13,20,NA,NA,NA,"BAFU",2,"Background",2022,NA,260
"European Region","CHE","Switzerland","Thun",2019,NA,12,18,NA,NA,NA,"BAFU",2,"Background",2022,NA,261
"European Region","CHE","Switzerland","Weinfelden",2018,NA,15.5,16.8,NA,NA,NA,"BAFU",1,"Background",2022,NA,262
"European Region","CHE","Switzerland","Winterthur",2017,NA,13.72,17.92,NA,NA,97.6826484,"BAFU, European Environment Agency (downloaded in 2021)",1,"Background",2022,NA,263
"European Region","CHE","Switzerland","Winterthur",2018,NA,15.09,16.11,NA,NA,99.61187215,"BAFU, European Environment Agency (downloaded in 2021)",1,"Background",2022,NA,264
"European Region","CHE","Switzerland","Winterthur",2019,NA,12.43,15.1,NA,NA,98.90410959,"BAFU, European Environment Agency (downloaded in 2021)",1,"Background",2022,NA,265
"European Region","CHE","Switzerland","Yverdon",2017,NA,17.6,19.6,NA,NA,NA,"BAFU",1,"Background",2022,NA,266
"European Region","CHE","Switzerland","Yverdon",2018,NA,15.6,17.6,NA,NA,NA,"BAFU",1,"Background",2022,NA,267
"European Region","CHE","Switzerland","Yverdon",2019,9.1,12.7,16.6,NA,NA,NA,"BAFU",1,"Background",2022,NA,268
"European Region","CHE","Switzerland","Zug",2017,NA,14,27.3,NA,NA,NA,"BAFU",1,"Traffic",2022,NA,269
"European Region","CHE","Switzerland","Zug",2018,NA,16.7,25.2,NA,NA,NA,"BAFU",1,"Traffic",2022,NA,270
"European Region","CHE","Switzerland","Zug",2019,NA,15.8,24.1,NA,NA,NA,"BAFU",1,"Traffic",2022,NA,271
"European Region","CHE","Switzerland","Zürich",2017,10.63,15.78,32.06,NA,NA,NA,"BAFU",2,"Background",2022,NA,272
"European Region","CHE","Switzerland","Zürich",2018,12.32,16.74,30.16,NA,NA,NA,"BAFU",2,"Background",2022,NA,273
"European Region","CHE","Switzerland","Zürich",2019,10.32,14.38,28.52,NA,NA,NA,"BAFU",2,"Background",2022,NA,274
"European Region","CYP","Cyprus","Nicosia",2017,14.77,33.63,17.73,97.06666667,97.06666667,97.06666667,"Ministry of Labour and Social Insurance,  Department of Labour Inspection",1,"Residential",2022,NA,275
"European Region","CYP","Cyprus","Nicosia",2018,14.5,35.7,17.23,92.7,92.7,92.7,"Ministry of Labour and Social Insurance,  Department of Labour Inspection",1,"Residential",2022,NA,276
"European Region","CZE","Czechia","Beroun",2017,18.73,27.42,25.99,99.578,99.578,97.34036987,"Czech Hydrometeorological Institute, European Environment Agency (downloaded in 2021)",1,"Urban",2022,NA,277
"European Region","CZE","Czechia","Beroun",2018,22.56,31.05,27.49,99.863,99.863,97.70547261,"Czech Hydrometeorological Institute, European Environment Agency (downloaded in 2021)",1,"Urban",2022,NA,278
"European Region","CZE","Czechia","Brno",2017,18.82,22.89,24.73,98.48966667,98.8198,95.88143014,"Czech Hydrometeorological Institute, European Environment Agency (downloaded in 2021)",2,"Suburban",2022,NA,279
"European Region","CZE","Czechia","Brno",2018,20.13,25.49,22.98,99.67266667,97.6606,96.97492146,"Czech Hydrometeorological Institute, European Environment Agency (downloaded in 2021)",2,"Suburban",2022,NA,280
"European Region","CZE","Czechia","Budisov Nad Budisovkou",2017,NA,NA,5.32,NA,NA,95.38812785,"Czech Hydrometeorological Institute, European Environment Agency (downloaded in 2021)",1,"Rural",2022,NA,281
"European Region","CZE","Czechia","Budisov Nad Budisovkou",2018,NA,NA,6.41,NA,NA,94.74885845,"Czech Hydrometeorological Institute, European Environment Agency (downloaded in 2021)",1,"Rural",2022,NA,282
"European Region","CZE","Czechia","Ceske Budejovice",2017,14.58,18.49,15.41,96.804,96.804,95.15428311,"Czech Hydrometeorological Institute, European Environment Agency (downloaded in 2021)",1,"Urban",2022,NA,283
"European Region","CZE","Czechia","Ceske Budejovice",2018,15.98,19.84,14.87,97.568,97.568,95.41642009,"Czech Hydrometeorological Institute, European Environment Agency (downloaded in 2021)",1,"Urban",2022,NA,284
"European Region","CZE","Czechia","Cesky Tesin",2017,27.03,34.81,21.94,99.235,99.235,96.99192923,"Czech Hydrometeorological Institute, European Environment Agency (downloaded in 2021)",1,"Urban",2022,NA,285
"European Region","CZE","Czechia","Cesky Tesin",2018,29.67,38.44,23,98.642,98.642,95.93058904,"Czech Hydrometeorological Institute, European Environment Agency (downloaded in 2021)",1,"Urban",2022,NA,286
"European Region","CZE","Czechia","Chystovice",2017,11.04,16.42,6.88,93.253,93.253,91.88334932,"Czech Hydrometeorological Institute, European Environment Agency (downloaded in 2021)",1,"Rural",2022,NA,287
"European Region","CZE","Czechia","Chystovice",2018,14.56,22.61,4.67,98.505,98.505,95.87350457,"Czech Hydrometeorological Institute, European Environment Agency (downloaded in 2021)",1,"Rural",2022,NA,288
"European Region","CZE","Czechia","Decin",2017,22.91,27.3,20.97,97.774,97.774,96.32992238,"Czech Hydrometeorological Institute, European Environment Agency (downloaded in 2021)",1,"Urban",2022,NA,289
"European Region","CZE","Czechia","Decin",2018,23.24,28.82,19.41,97.397,97.397,94.8115137,"Czech Hydrometeorological Institute, European Environment Agency (downloaded in 2021)",1,"Urban",2022,NA,290
"European Region","CZE","Czechia","Doksany",2017,16.45,21.48,13.24,100,100,96.92922375,"Czech Hydrometeorological Institute, European Environment Agency (downloaded in 2021)",1,"Rural",2022,NA,291
"European Region","CZE","Czechia","Doksany",2018,17.33,23.18,13.74,100,100,96.51255708,"Czech Hydrometeorological Institute, European Environment Agency (downloaded in 2021)",1,"Rural",2022,NA,292
"European Region","CZE","Czechia","Dolni Lutyne",2017,32.07,40.06,16.25,98.527,98.527,96.43815754,"Czech Hydrometeorological Institute, European Environment Agency (downloaded in 2021)",1,"Rural",2022,NA,293
"European Region","CZE","Czechia","Dolni Lutyne",2018,35.76,43.58,16.15,97.306,97.306,95.76487215,"Czech Hydrometeorological Institute, European Environment Agency (downloaded in 2021)",1,"Rural",2022,NA,294
"European Region","CZE","Czechia","Frydek-Mistek",2017,24.97,29.7,17.85,99.007,99.007,97.1861484,"Czech Hydrometeorological Institute, European Environment Agency (downloaded in 2021)",1,"Suburban",2022,NA,295
"European Region","CZE","Czechia","Frydek-Mistek",2018,26.73,31.97,17.59,99.578,99.578,97.36890868,"Czech Hydrometeorological Institute, European Environment Agency (downloaded in 2021)",1,"Suburban",2022,NA,296
"European Region","CZE","Czechia","Hradec Kralove",2017,18.07,24.19,20.53,98.436,98.436,96.05023745,"Czech Hydrometeorological Institute, European Environment Agency (downloaded in 2021)",1,"Urban",2022,NA,297
"European Region","CZE","Czechia","Hradec Kralove",2018,18.13,24.53,21.98,97.678,97.678,97.06053197,"Czech Hydrometeorological Institute, European Environment Agency (downloaded in 2021)",1,"Urban",2022,NA,298
"European Region","CZE","Czechia","Jesenik",2017,NA,14.53,5.5,NA,98.79,96.68952055,"Czech Hydrometeorological Institute, European Environment Agency (downloaded in 2021)",1,"Rural",2022,NA,299
"European Region","CZE","Czechia","Jesenik",2018,NA,18.75,5.78,NA,97.306,94.51487215,"Czech Hydrometeorological Institute, European Environment Agency (downloaded in 2021)",1,"Rural",2022,NA,300
"European Region","CZE","Czechia","Jihlava",2017,15.71,18.26,13.79,98.664,98.664,94.17789041,"Czech Hydrometeorological Institute, European Environment Agency (downloaded in 2021)",1,"Urban",2022,NA,301
"European Region","CZE","Czechia","Jihlava",2018,18.66,21.76,12.43,99.064,99.064,96.60391781,"Czech Hydrometeorological Institute, European Environment Agency (downloaded in 2021)",1,"Urban",2022,NA,302
"European Region","CZE","Czechia","Jilove",2017,NA,12.85,9.97,NA,100,96.62671233,"Czech Hydrometeorological Institute, European Environment Agency (downloaded in 2021)",1,"Rural",2022,NA,303
"European Region","CZE","Czechia","Jilove",2018,NA,16.11,8.2,NA,100,96.92351598,"Czech Hydrometeorological Institute, European Environment Agency (downloaded in 2021)",1,"Rural",2022,NA,304
"European Region","CZE","Czechia","Kadan",2017,14.55,20.53,12.18,99.521,99.521,97.27191553,"Czech Hydrometeorological Institute, European Environment Agency (downloaded in 2021)",1,"Rural",2022,NA,305
"European Region","CZE","Czechia","Kadan",2018,18.75,26.06,12.81,97.911,97.911,95.93038585,"Czech Hydrometeorological Institute, European Environment Agency (downloaded in 2021)",1,"Rural",2022,NA,306
"European Region","CZE","Czechia","Kamenny Ujezd",2017,16.54,21.51,10.16,99.418,99.418,97.39735617,"Czech Hydrometeorological Institute, European Environment Agency (downloaded in 2021)",1,"Rural",2022,NA,307
"European Region","CZE","Czechia","Kamenny Ujezd",2018,16.5,21.7,10.53,99.121,99.121,96.47260046,"Czech Hydrometeorological Institute, European Environment Agency (downloaded in 2021)",1,"Rural",2022,NA,308
"European Region","CZE","Czechia","Karvina",2017,27.01,35.3,21.21,99.292,99.292,97.19736987,"Czech Hydrometeorological Institute, European Environment Agency (downloaded in 2021)",1,"Urban",2022,NA,309
"European Region","CZE","Czechia","Karvina",2018,30.09,39.05,20.32,98.71,98.71,96.69518265,"Czech Hydrometeorological Institute, European Environment Agency (downloaded in 2021)",1,"Urban",2022,NA,310
"European Region","CZE","Czechia","Kladno",2017,17.12,26.4,15.15,98.242,97.8765,96.19842238,"Czech Hydrometeorological Institute, European Environment Agency (downloaded in 2021)",2,"Urban",2022,NA,311
"European Region","CZE","Czechia","Kladno",2018,18.98,27.4,15.92,97.432,98.6475,97.6141484,"Czech Hydrometeorological Institute, European Environment Agency (downloaded in 2021)",2,"Urban",2022,NA,312
"European Region","CZE","Czechia","Kromeriz",2017,18.48,22.89,9.11,98.995,98.995,97.00891553,"Czech Hydrometeorological Institute, European Environment Agency (downloaded in 2021)",1,"Rural",2022,NA,313
"European Region","CZE","Czechia","Kromeriz",2018,20.77,26.26,8.98,99.543,99.543,97.32286987,"Czech Hydrometeorological Institute, European Environment Agency (downloaded in 2021)",1,"Rural",2022,NA,314
"European Region","CZE","Czechia","Kutna Hora",2018,18.97,24.25,13.1,93.63,93.63,93.63,"Czech Hydrometeorological Institute",1,"Urban",2022,NA,315
"European Region","CZE","Czechia","Liberec",2017,15.66,18.98,16.17,99.829,99.829,97.04349543,"Czech Hydrometeorological Institute, European Environment Agency (downloaded in 2021)",1,"Urban",2022,NA,316
"European Region","CZE","Czechia","Liberec",2018,18.37,21.79,14.84,97.934,97.934,96.26152055,"Czech Hydrometeorological Institute, European Environment Agency (downloaded in 2021)",1,"Urban",2022,NA,317
"European Region","CZE","Czechia","Marianske Radcice",2017,18.81,28.52,12.14,96.621,96.621,94.34360503,"Czech Hydrometeorological Institute, European Environment Agency (downloaded in 2021)",1,"Rural",2022,NA,318
"European Region","CZE","Czechia","Marianske Radcice",2018,20.69,33.91,12.18,96.142,96.142,93.55045205,"Czech Hydrometeorological Institute, European Environment Agency (downloaded in 2021)",1,"Rural",2022,NA,319
"European Region","CZE","Czechia","Mlada Boleslav",2017,15.95,24.05,17.31,NA,NA,95.01141553,"Czech Hydrometeorological Institute, European Environment Agency (downloaded in 2021)",1,"Urban",2022,NA,320
"European Region","CZE","Czechia","Mlada Boleslav",2018,19.17,24.67,17.62,98.539,98.539,96.23867808,"Czech Hydrometeorological Institute, European Environment Agency (downloaded in 2021)",1,"Urban",2022,NA,321
"European Region","CZE","Czechia","Moravska Trebova",2017,19.01,24.4,17.96,99.897,99.897,97.0832032,"Czech Hydrometeorological Institute, European Environment Agency (downloaded in 2021)",1,"Urban",2022,NA,322
"European Region","CZE","Czechia","Moravska Trebova",2018,23.1,28.74,17.71,99.235,99.235,96.96909818,"Czech Hydrometeorological Institute, European Environment Agency (downloaded in 2021)",1,"Urban",2022,NA,323
"European Region","CZE","Czechia","Most",2017,18.32,25.78,20.8,99.76,99.76,97.49986302,"Czech Hydrometeorological Institute, European Environment Agency (downloaded in 2021)",1,"Urban",2022,NA,324
"European Region","CZE","Czechia","Most",2018,21.65,31.31,21.51,99.806,99.806,97.5399863,"Czech Hydrometeorological Institute, European Environment Agency (downloaded in 2021)",1,"Urban",2022,NA,325
"European Region","CZE","Czechia","Olomouc",2017,23.45,30.38,22.87,99.235,99.235,97.2088242,"Czech Hydrometeorological Institute, European Environment Agency (downloaded in 2021)",1,"Urban",2022,NA,326
"European Region","CZE","Czechia","Olomouc",2018,22.38,29.86,21.66,97.865,97.865,96.4325,"Czech Hydrometeorological Institute, European Environment Agency (downloaded in 2021)",1,"Urban",2022,NA,327
"European Region","CZE","Czechia","Opava",2017,22.69,26.79,13.98,99.543,99.543,97.36853197,"Czech Hydrometeorological Institute, European Environment Agency (downloaded in 2021)",1,"Urban",2022,NA,328
"European Region","CZE","Czechia","Opava",2018,24.54,31.21,14.92,99.384,99.384,97.39747945,"Czech Hydrometeorological Institute, European Environment Agency (downloaded in 2021)",1,"Urban",2022,NA,329
"European Region","CZE","Czechia","Ostrava",2017,24.29,30.4,20.11,99.389,99.13233333,96.03428585,"Czech Hydrometeorological Institute, European Environment Agency (downloaded in 2021)",1,"Suburban",2022,NA,330
"European Region","CZE","Czechia","Ostrava",2018,26.69,34.83,23.71,99.028,99.19233333,94.30511263,"Czech Hydrometeorological Institute, European Environment Agency (downloaded in 2021)",1,"Suburban",2022,NA,331
"European Region","CZE","Czechia","Pardubice",2017,17.88,23.05,15.61,98.824,98.824,94.37214612,"Czech Hydrometeorological Institute, European Environment Agency (downloaded in 2021)",1,"Urban",2022,NA,332
"European Region","CZE","Czechia","Pardubice",2018,18.66,23.46,15.91,97.123,97.123,92.37442922,"Czech Hydrometeorological Institute, European Environment Agency (downloaded in 2021)",1,"Urban",2022,NA,333
"European Region","CZE","Czechia","Pardubice Vii",2017,NA,NA,15.61,NA,NA,NA,"Czech Hydrometeorological Institute",1,"Suburban",2022,NA,334
"European Region","CZE","Czechia","Pardubice Vii",2018,NA,NA,15.91,NA,NA,NA,"Czech Hydrometeorological Institute",1,"Suburban",2022,NA,335
"European Region","CZE","Czechia","Pilsen",2017,16.7,21.89,17.99,96.72366667,96.23275,93.55729966,"Czech Hydrometeorological Institute, European Environment Agency (downloaded in 2021)",1,"Suburban",2022,NA,336
"European Region","CZE","Czechia","Pilsen",2018,16.34,21.51,17.13,97.483,97.483,95.47095206,"Czech Hydrometeorological Institute, European Environment Agency (downloaded in 2021)",1,"Suburban",2022,NA,337
"European Region","CZE","Czechia","Prachatice",2017,NA,16.38,10.77,NA,96.598,93.49877169,"Czech Hydrometeorological Institute, European Environment Agency (downloaded in 2021)",1,"Suburban",2022,NA,338
"European Region","CZE","Czechia","Prachatice",2018,NA,17.97,11.28,NA,99.692,97.60855708,"Czech Hydrometeorological Institute, European Environment Agency (downloaded in 2021)",1,"Suburban",2022,NA,339
"European Region","CZE","Czechia","Prague",2017,18,25.07,28.93,98.44175,98.36923077,96.56769037,"Czech Hydrometeorological Institute, European Environment Agency (downloaded in 2021)",3,"Suburban",2022,NA,340
"European Region","CZE","Czechia","Prague",2018,19.08,27.26,28.73,99.7345,99.23676923,96.95908589,"Czech Hydrometeorological Institute, European Environment Agency (downloaded in 2021)",3,"Suburban",2022,NA,341
"European Region","CZE","Czechia","Přebuz",2017,NA,NA,5.35,NA,NA,NA,"Czech Hydrometeorological Institute",1,"Rural",2022,NA,342
"European Region","CZE","Czechia","Přebuz",2018,NA,NA,5.62,NA,NA,NA,"Czech Hydrometeorological Institute",1,"Rural",2022,NA,343
"European Region","CZE","Czechia","Pribram",2017,NA,18.61,13.29,NA,NA,87.1803653,"Czech Hydrometeorological Institute, European Environment Agency (downloaded in 2021)",1,"Urban",2022,NA,344
"European Region","CZE","Czechia","Pribram",2018,NA,22.87,14.45,NA,99.829,96.61541324,"Czech Hydrometeorological Institute, European Environment Agency (downloaded in 2021)",1,"Urban",2022,NA,345
"European Region","CZE","Czechia","Rozdalovice",2017,18.6,23.88,8.86,99.338,99.338,96.9863516,"Czech Hydrometeorological Institute, European Environment Agency (downloaded in 2021)",1,"Rural",2022,NA,346
"European Region","CZE","Czechia","Rozdalovice",2018,19.09,23.89,8.67,99.304,99.304,97.18053882,"Czech Hydrometeorological Institute, European Environment Agency (downloaded in 2021)",1,"Rural",2022,NA,347
"European Region","CZE","Czechia","Rychvald",2017,28.72,38.79,19.49,99.041,99.041,96.39264612,"Czech Hydrometeorological Institute, European Environment Agency (downloaded in 2021)",1,"Urban",2022,NA,348
"European Region","CZE","Czechia","Rychvald",2018,31.41,39.57,19.42,99.269,99.269,97.1801621,"Czech Hydrometeorological Institute, European Environment Agency (downloaded in 2021)",1,"Urban",2022,NA,349
"European Region","CZE","Czechia","Sedlec",2017,16.04,19.95,8.94,97.283,97.283,95.14264156,"Czech Hydrometeorological Institute, European Environment Agency (downloaded in 2021)",1,"Rural",2022,NA,350
"European Region","CZE","Czechia","Sedlec",2018,18.48,22.96,7.49,99.6,99.6,97.3,"Czech Hydrometeorological Institute, European Environment Agency (downloaded in 2021)",1,"Rural",2022,NA,351
"European Region","CZE","Czechia","Sedlonov",2017,NA,11.72,5.01,NA,99.212,96.99184475,"Czech Hydrometeorological Institute, European Environment Agency (downloaded in 2021)",1,"Rural",2022,NA,352
"European Region","CZE","Czechia","Sedlonov",2018,NA,15.21,4.89,NA,99.018,96.75785845,"Czech Hydrometeorological Institute, European Environment Agency (downloaded in 2021)",1,"Rural",2022,NA,353
"European Region","CZE","Czechia","Sokolov",2017,13.01,17.05,14.87,98.938,98.938,96.70073516,"Czech Hydrometeorological Institute, European Environment Agency (downloaded in 2021)",1,"Suburban",2022,NA,354
"European Region","CZE","Czechia","Sokolov",2018,15,20.38,13.78,99.292,99.292,97.31152512,"Czech Hydrometeorological Institute, European Environment Agency (downloaded in 2021)",1,"Suburban",2022,NA,355
"European Region","CZE","Czechia","Stachy",2017,4.45,7.16,3.42,99.726,99.726,97.19747489,"Czech Hydrometeorological Institute, European Environment Agency (downloaded in 2021)",1,"Rural",2022,NA,356
"European Region","CZE","Czechia","Stachy",2018,6.77,9.97,2.54,99.725,99.725,93.12163242,"Czech Hydrometeorological Institute, European Environment Agency (downloaded in 2021)",1,"Rural",2022,NA,357
"European Region","CZE","Czechia","Stare Hamry",2017,8.02,11.8,4.63,NA,NA,93.36757991,"Czech Hydrometeorological Institute, European Environment Agency (downloaded in 2021)",1,"Rural",2022,NA,358
"European Region","CZE","Czechia","Stare Hamry",2018,NA,NA,4.84,NA,NA,94.05251142,"Czech Hydrometeorological Institute, European Environment Agency (downloaded in 2021)",1,"Rural",2022,NA,359
"European Region","CZE","Czechia","Studenka",2017,24.21,29.25,15.02,99.235,99.235,97.14033105,"Czech Hydrometeorological Institute, European Environment Agency (downloaded in 2021)",1,"Rural",2022,NA,360
"European Region","CZE","Czechia","Studenka",2018,25.54,31.79,15.88,99.075,99.075,97.18590183,"Czech Hydrometeorological Institute, European Environment Agency (downloaded in 2021)",1,"Rural",2022,NA,361
"European Region","CZE","Czechia","Tabor",2017,NA,27.7,20.55,NA,99.635,97.44307078,"Czech Hydrometeorological Institute, European Environment Agency (downloaded in 2021)",1,"Urban",2022,NA,362
"European Region","CZE","Czechia","Tabor",2018,NA,27.29,18.32,NA,98.071,95.91335388,"Czech Hydrometeorological Institute, European Environment Agency (downloaded in 2021)",1,"Urban",2022,NA,363
"European Region","CZE","Czechia","Trinec",2017,26.18,31.74,15.05,98.8355,98.8355,75.2739726,"Czech Hydrometeorological Institute, European Environment Agency (downloaded in 2021)",1,"Suburban",2022,NA,364
"European Region","CZE","Czechia","Trinec",2018,26.45,33.17,14.96,99.3605,99.3605,85.01141553,"Czech Hydrometeorological Institute, European Environment Agency (downloaded in 2021)",1,"Suburban",2022,NA,365
"European Region","CZE","Czechia","Uherske Hradiste",2017,NA,31.64,30.12,NA,99.532,97.34020092,"Czech Hydrometeorological Institute, European Environment Agency (downloaded in 2021)",1,"Urban",2022,NA,366
"European Region","CZE","Czechia","Uherske Hradiste",2018,NA,31.5,30.37,NA,98.779,96.92945434,"Czech Hydrometeorological Institute, European Environment Agency (downloaded in 2021)",1,"Urban",2022,NA,367
"European Region","CZE","Czechia","Usti Nad Labem",2017,15.67,23.97,22.02,99.281,99.2465,96.23969589,"Czech Hydrometeorological Institute, European Environment Agency (downloaded in 2021)",1,"Suburban",2022,NA,368
"European Region","CZE","Czechia","Usti Nad Labem",2018,17.44,25.45,20.66,99.6,99.5545,96.63230228,"Czech Hydrometeorological Institute, European Environment Agency (downloaded in 2021)",1,"Suburban",2022,NA,369
"European Region","CZE","Czechia","Zlin",2017,21.17,26.78,13.76,99.829,99.829,97.68276484,"Czech Hydrometeorological Institute, European Environment Agency (downloaded in 2021)",1,"Suburban",2022,NA,370
"European Region","CZE","Czechia","Zlin",2018,21.63,26,13.62,92.534,92.534,93.43594977,"Czech Hydrometeorological Institute, European Environment Agency (downloaded in 2021)",1,"Suburban",2022,NA,371
"European Region","CZE","Czechia","Znojmo",2017,17.31,21.32,13.55,99.703,99.703,97.60264156,"Czech Hydrometeorological Institute, European Environment Agency (downloaded in 2021)",1,"Suburban",2022,NA,372
"European Region","CZE","Czechia","Znojmo",2018,19.51,25.45,14.92,99.635,99.635,97.48873288,"Czech Hydrometeorological Institute, European Environment Agency (downloaded in 2021)",1,"Suburban",2022,NA,373
"European Region","EST","Estonia","Kohtla-Järve",2019,4,11,4.7,99.7,99.7,99.7,"http://www.klab.ee/en/services/environment/air-studies/",1,"Urban",2022,NA,374
"European Region","EST","Estonia","Narva",2019,4.79,9.99,7.68,99.93150685,99.93150685,99.93150685,"European Environment Agency (downloaded in 2021), http://www.klab.ee/en/services/environment/air-studies/",1,"Urban",2022,NA,375
"European Region","EST","Estonia","Tallinn",2019,4.62,12.67,11.86,99.20091324,99.20319635,99.20319635,"European Environment Agency (downloaded in 2021), http://www.klab.ee/en/services/environment/air-studies/",1,"Traffic",2022,NA,376
"European Region","EST","Estonia","Tartu",2019,5.4,15.1,9.88,99.9086758,99.9086758,99.9086758,"European Environment Agency (downloaded in 2021), http://www.klab.ee/en/services/environment/air-studies/",1,"Urban",2022,NA,377
"European Region","HRV","Croatia","Osijek",2018,NA,35.2,24.78,NA,84,96.68949772,"Air Quality Portal Portal Kvaliteta zraka u Republici Hrvatskoj, European Environment Agency (downloaded in 2021)",1,"Urban",2022,NA,378
"European Region","HRV","Croatia","Rijeka",2018,10.94,24,11.76,50,50,95.23972603,"Air Quality Portal Portal Kvaliteta zraka u Republici Hrvatskoj, European Environment Agency (downloaded in 2021)",1,"Urban",2022,NA,379
"European Region","HRV","Croatia","Slavonski Brod",2018,36.03,NA,14.62,NA,NA,87.07762557,"Air Quality Portal Portal Kvaliteta zraka u Republici Hrvatskoj, European Environment Agency (downloaded in 2021)",1,"Suburban",2022,NA,380
"European Region","HRV","Croatia","Split",2018,11.03,18.86,22.4,NA,100,95.79908676,"Air Quality Portal Portal Kvaliteta zraka u Republici Hrvatskoj, European Environment Agency (downloaded in 2021)",1,"Urban",2022,NA,381
"European Region","HRV","Croatia","Velika Gorica",2018,25.79,NA,14.31,NA,NA,81.18721461,"Air Quality Portal Portal Kvaliteta zraka u Republici Hrvatskoj, European Environment Agency (downloaded in 2021)",1,"Urban",2022,NA,382
"European Region","HRV","Croatia","Zagreb",2018,20.84,31.56,31.87,NA,98,94.4520548,"Air Quality Portal Portal Kvaliteta zraka u Republici Hrvatskoj, European Environment Agency (downloaded in 2021)",3,"Urban",2022,NA,383
"European Region","LTU","Lithuania","Naujoji Akmenė",2017,NA,NA,0.94,NA,NA,96.44808743,"Air quality statistics, calculated by the European Environment Agency according to official data provided by Lithuania",1,"Rural",2022,NA,384
"European Region","LTU","Lithuania","Vilnius",2017,12.7,25.6,21.93,NA,NA,85.65829528,"European Environment Agency (downloaded in 2021)",4,"Urban",2022,NA,385
"European Region","LTU","Lithuania","Vilnius",2018,13.26,24.58,21.75,NA,NA,91.27853881,"European Environment Agency (downloaded in 2021)",4,"Urban",2022,NA,386
"European Region","LTU","Lithuania","Vilnius",2019,13.52,22.79,19.28,NA,NA,98.58447489,"European Environment Agency (downloaded in 2021)",4,"Urban",2022,NA,387
"European Region","MCO","Monaco","Monaco",2017,NA,16.5,35,NA,95,94,"Direction de l'Environnement, Gouvernement Princier de Monaco",4,"Urban",2022,NA,388
"European Region","MCO","Monaco","Monaco",2018,NA,11.5,34.25,NA,96.5,99,"Direction de l'Environnement, Gouvernement Princier de Monaco",3,"Urban",2022,NA,389
"European Region","MCO","Monaco","Monaco",2019,NA,14,32,NA,98.5,95.4,"Direction de l'Environnement, Gouvernement Princier de Monaco",4,"Urban",2022,NA,390
"European Region","MLT","Malta","Attard",2018,13.2,NA,11,95.1,NA,93.5,"Annual report on air quality by the Environment & Resources Authority",2,"Urban",2022,NA,391
"European Region","MLT","Malta","Gharb",2018,8.6,19.6,3.3,97.8,97,97.5,"Annual report on air quality by the Environment & Resources Authority",3,"Rural",2022,NA,392
"European Region","MLT","Malta","Msida",2018,14.4,43.1,34.6,98.9,99.2,93.47,"Annual report on air quality by the Environment & Resources Authority",3,"Traffic",2022,NA,393
"European Region","MLT","Malta","Zejtun",2018,12.1,31.9,13.7,99.5,92.3,84.8,"Annual report on air quality by the Environment & Resources Authority",3,"Urban",2022,NA,394
